Domain Code,Domain,Area Code (M49),Area,Element Code,Element,Item Code (FBS),Item,Year Code,Year,Unit,Value,Flag,Flag Description
"FBS","Food Balances (2010-)","188","Costa Rica","664","Food supply (kcal/capita/day)","S2511","Wheat and products","2021","2021","kcal/cap/d","376.6","E","Estimated value"
"FBS","Food Balances (2010-)","188","Costa Rica","664","Food supply (kcal/capita/day)","S2807","Rice and products","2021","2021","kcal/cap/d","409.13","E","Estimated value"
"FBS","Food Balances (2010-)","188","Costa Rica","664","Food supply (kcal/capita/day)","S2513","Barley and products","2021","2021","kcal/cap/d","9.58","E","Estimated value"
"FBS","Food Balances (2010-)","188","Costa Rica","664","Food supply (kcal/capita/day)","S2514","Maize and products","2021","2021","kcal/cap/d","166.87","E","Estimated value"
"FBS","Food Balances (2010-)","188","Costa Rica","664","Food supply (kcal/capita/day)","S2516","Oats","2021","2021","kcal/cap/d","8.8","E","Estimated value"
"FBS","Food Balances (2010-)","188","Costa Rica","664","Food supply (kcal/capita/day)","S2520","Cereals, Other","2021","2021","kcal/cap/d","0.69","E","Estimated value"
"FBS","Food Balances (2010-)","188","Costa Rica","664","Food supply (kcal/capita/day)","S2532","Cassava and products","2021","2021","kcal/cap/d","1.17","E","Estimated value"
"FBS","Food Balances (2010-)","188","Costa Rica","664","Food supply (kcal/capita/day)","S2531","Potatoes and products","2021","2021","kcal/cap/d","25.44","E","Estimated value"
"FBS","Food Balances (2010-)","188","Costa Rica","664","Food supply (kcal/capita/day)","S2533","Sweet potatoes","2021","2021","kcal/cap/d","0.04","E","Estimated value"
"FBS","Food Balances (2010-)","188","Costa Rica","664","Food supply (kcal/capita/day)","S2535","Yams","2021","2021","kcal/cap/d","1.63","E","Estimated value"
"FBS","Food Balances (2010-)","188","Costa Rica","664","Food supply (kcal/capita/day)","S2534","Roots, Other","2021","2021","kcal/cap/d","4.18","E","Estimated value"
"FBS","Food Balances (2010-)","188","Costa Rica","664","Food supply (kcal/capita/day)","S2536","Sugar cane","2021","2021","kcal/cap/d","0","E","Estimated value"
"FBS","Food Balances (2010-)","188","Costa Rica","664","Food supply (kcal/capita/day)","S2541","Sugar non-centrifugal","2021","2021","kcal/cap/d","33.91","E","Estimated value"
"FBS","Food Balances (2010-)","188","Costa Rica","664","Food supply (kcal/capita/day)","S2542","Sugar (Raw Equivalent)","2021","2021","kcal/cap/d","387.91","E","Estimated value"
"FBS","Food Balances (2010-)","188","Costa Rica","664","Food supply (kcal/capita/day)","S2543","Sweeteners, Other","2021","2021","kcal/cap/d","19.77","E","Estimated value"
"FBS","Food Balances (2010-)","188","Costa Rica","664","Food supply (kcal/capita/day)","S2745","Honey","2021","2021","kcal/cap/d","2.18","E","Estimated value"
"FBS","Food Balances (2010-)","188","Costa Rica","664","Food supply (kcal/capita/day)","S2546","Beans","2021","2021","kcal/cap/d","80.09","E","Estimated value"
"FBS","Food Balances (2010-)","188","Costa Rica","664","Food supply (kcal/capita/day)","S2547","Peas","2021","2021","kcal/cap/d","0.73","E","Estimated value"
"FBS","Food Balances (2010-)","188","Costa Rica","664","Food supply (kcal/capita/day)","S2549","Pulses, Other and products","2021","2021","kcal/cap/d","4.36","E","Estimated value"
"FBS","Food Balances (2010-)","188","Costa Rica","664","Food supply (kcal/capita/day)","S2551","Nuts and products","2021","2021","kcal/cap/d","9.71","E","Estimated value"
"FBS","Food Balances (2010-)","188","Costa Rica","664","Food supply (kcal/capita/day)","S2555","Soyabeans","2021","2021","kcal/cap/d","2.03","E","Estimated value"
"FBS","Food Balances (2010-)","188","Costa Rica","664","Food supply (kcal/capita/day)","S2552","Groundnuts","2021","2021","kcal/cap/d","14.33","E","Estimated value"
"FBS","Food Balances (2010-)","188","Costa Rica","664","Food supply (kcal/capita/day)","S2557","Sunflower seed","2021","2021","kcal/cap/d","1.69","E","Estimated value"
"FBS","Food Balances (2010-)","188","Costa Rica","664","Food supply (kcal/capita/day)","S2558","Rape and Mustardseed","2021","2021","kcal/cap/d","0.09","E","Estimated value"
"FBS","Food Balances (2010-)","188","Costa Rica","664","Food supply (kcal/capita/day)","S2560","Coconuts - Incl Copra","2021","2021","kcal/cap/d","1.98","E","Estimated value"
"FBS","Food Balances (2010-)","188","Costa Rica","664","Food supply (kcal/capita/day)","S2563","Olives (including preserved)","2021","2021","kcal/cap/d","0.46","E","Estimated value"
"FBS","Food Balances (2010-)","188","Costa Rica","664","Food supply (kcal/capita/day)","S2570","Oilcrops, Other","2021","2021","kcal/cap/d","0","E","Estimated value"
"FBS","Food Balances (2010-)","188","Costa Rica","664","Food supply (kcal/capita/day)","S2571","Soyabean Oil","2021","2021","kcal/cap/d","204.08","E","Estimated value"
"FBS","Food Balances (2010-)","188","Costa Rica","664","Food supply (kcal/capita/day)","S2572","Groundnut Oil","2021","2021","kcal/cap/d","0.01","E","Estimated value"
"FBS","Food Balances (2010-)","188","Costa Rica","664","Food supply (kcal/capita/day)","S2573","Sunflowerseed Oil","2021","2021","kcal/cap/d","36.24","E","Estimated value"
"FBS","Food Balances (2010-)","188","Costa Rica","664","Food supply (kcal/capita/day)","S2575","Cottonseed Oil","2021","2021","kcal/cap/d","0.13","E","Estimated value"
"FBS","Food Balances (2010-)","188","Costa Rica","664","Food supply (kcal/capita/day)","S2577","Palm Oil","2021","2021","kcal/cap/d","126.02","E","Estimated value"
"FBS","Food Balances (2010-)","188","Costa Rica","664","Food supply (kcal/capita/day)","S2578","Coconut Oil","2021","2021","kcal/cap/d","1.82","E","Estimated value"
"FBS","Food Balances (2010-)","188","Costa Rica","664","Food supply (kcal/capita/day)","S2579","Sesameseed Oil","2021","2021","kcal/cap/d","1.52","E","Estimated value"
"FBS","Food Balances (2010-)","188","Costa Rica","664","Food supply (kcal/capita/day)","S2580","Olive Oil","2021","2021","kcal/cap/d","9.6","E","Estimated value"
"FBS","Food Balances (2010-)","188","Costa Rica","664","Food supply (kcal/capita/day)","S2582","Maize Germ Oil","2021","2021","kcal/cap/d","2.62","E","Estimated value"
"FBS","Food Balances (2010-)","188","Costa Rica","664","Food supply (kcal/capita/day)","S2586","Oilcrops Oil, Other","2021","2021","kcal/cap/d","22.01","E","Estimated value"
"FBS","Food Balances (2010-)","188","Costa Rica","664","Food supply (kcal/capita/day)","S2601","Tomatoes and products","2021","2021","kcal/cap/d","17.18","E","Estimated value"
"FBS","Food Balances (2010-)","188","Costa Rica","664","Food supply (kcal/capita/day)","S2602","Onions","2021","2021","kcal/cap/d","8.25","E","Estimated value"
"FBS","Food Balances (2010-)","188","Costa Rica","664","Food supply (kcal/capita/day)","S2605","Vegetables, other","2021","2021","kcal/cap/d","13.82","E","Estimated value"
"FBS","Food Balances (2010-)","188","Costa Rica","664","Food supply (kcal/capita/day)","S2611","Oranges, Mandarines","2021","2021","kcal/cap/d","0.49","E","Estimated value"
"FBS","Food Balances (2010-)","188","Costa Rica","664","Food supply (kcal/capita/day)","S2612","Lemons, Limes and products","2021","2021","kcal/cap/d","5.46","E","Estimated value"
"FBS","Food Balances (2010-)","188","Costa Rica","664","Food supply (kcal/capita/day)","S2613","Grapefruit and products","2021","2021","kcal/cap/d","2.18","E","Estimated value"
"FBS","Food Balances (2010-)","188","Costa Rica","664","Food supply (kcal/capita/day)","S2614","Citrus, Other","2021","2021","kcal/cap/d","0.14","E","Estimated value"
"FBS","Food Balances (2010-)","188","Costa Rica","664","Food supply (kcal/capita/day)","S2615","Bananas","2021","2021","kcal/cap/d","0.38","E","Estimated value"
"FBS","Food Balances (2010-)","188","Costa Rica","664","Food supply (kcal/capita/day)","S2616","Plantains","2021","2021","kcal/cap/d","15.89","E","Estimated value"
"FBS","Food Balances (2010-)","188","Costa Rica","664","Food supply (kcal/capita/day)","S2617","Apples and products","2021","2021","kcal/cap/d","1.43","E","Estimated value"
"FBS","Food Balances (2010-)","188","Costa Rica","664","Food supply (kcal/capita/day)","S2618","Pineapples and products","2021","2021","kcal/cap/d","1.38","E","Estimated value"
"FBS","Food Balances (2010-)","188","Costa Rica","664","Food supply (kcal/capita/day)","S2619","Dates","2021","2021","kcal/cap/d","0.05","E","Estimated value"
"FBS","Food Balances (2010-)","188","Costa Rica","664","Food supply (kcal/capita/day)","S2620","Grapes and products (excl wine)","2021","2021","kcal/cap/d","3.9","E","Estimated value"
"FBS","Food Balances (2010-)","188","Costa Rica","664","Food supply (kcal/capita/day)","S2625","Fruits, other","2021","2021","kcal/cap/d","40.21","E","Estimated value"
"FBS","Food Balances (2010-)","188","Costa Rica","664","Food supply (kcal/capita/day)","S2630","Coffee and products","2021","2021","kcal/cap/d","4.55","E","Estimated value"
"FBS","Food Balances (2010-)","188","Costa Rica","664","Food supply (kcal/capita/day)","S2633","Cocoa Beans and products","2021","2021","kcal/cap/d","13.3","E","Estimated value"
"FBS","Food Balances (2010-)","188","Costa Rica","664","Food supply (kcal/capita/day)","S2635","Tea (including mate)","2021","2021","kcal/cap/d","0.05","E","Estimated value"
"FBS","Food Balances (2010-)","188","Costa Rica","664","Food supply (kcal/capita/day)","S2640","Pepper","2021","2021","kcal/cap/d","2.12","E","Estimated value"
"FBS","Food Balances (2010-)","188","Costa Rica","664","Food supply (kcal/capita/day)","S2641","Pimento","2021","2021","kcal/cap/d","1.04","E","Estimated value"
"FBS","Food Balances (2010-)","188","Costa Rica","664","Food supply (kcal/capita/day)","S2642","Cloves","2021","2021","kcal/cap/d","0.03","E","Estimated value"
"FBS","Food Balances (2010-)","188","Costa Rica","664","Food supply (kcal/capita/day)","S2645","Spices, Other","2021","2021","kcal/cap/d","1.36","E","Estimated value"
"FBS","Food Balances (2010-)","188","Costa Rica","664","Food supply (kcal/capita/day)","S2655","Wine","2021","2021","kcal/cap/d","6.73","E","Estimated value"
"FBS","Food Balances (2010-)","188","Costa Rica","664","Food supply (kcal/capita/day)","S2656","Beer","2021","2021","kcal/cap/d","45.2","E","Estimated value"
"FBS","Food Balances (2010-)","188","Costa Rica","664","Food supply (kcal/capita/day)","S2657","Beverages, Fermented","2021","2021","kcal/cap/d","0.45","E","Estimated value"
"FBS","Food Balances (2010-)","188","Costa Rica","664","Food supply (kcal/capita/day)","S2658","Beverages, Alcoholic","2021","2021","kcal/cap/d","69.59","E","Estimated value"
"FBS","Food Balances (2010-)","188","Costa Rica","664","Food supply (kcal/capita/day)","S2731","Bovine Meat","2021","2021","kcal/cap/d","54.24","E","Estimated value"
"FBS","Food Balances (2010-)","188","Costa Rica","664","Food supply (kcal/capita/day)","S2732","Mutton & Goat Meat","2021","2021","kcal/cap/d","0.03","E","Estimated value"
"FBS","Food Balances (2010-)","188","Costa Rica","664","Food supply (kcal/capita/day)","S2733","Pigmeat","2021","2021","kcal/cap/d","66.85","E","Estimated value"
"FBS","Food Balances (2010-)","188","Costa Rica","664","Food supply (kcal/capita/day)","S2734","Poultry Meat","2021","2021","kcal/cap/d","125.02","E","Estimated value"
"FBS","Food Balances (2010-)","188","Costa Rica","664","Food supply (kcal/capita/day)","S2735","Meat, Other","2021","2021","kcal/cap/d","0.02","E","Estimated value"
"FBS","Food Balances (2010-)","188","Costa Rica","664","Food supply (kcal/capita/day)","S2736","Offals, Edible","2021","2021","kcal/cap/d","7.3","E","Estimated value"
"FBS","Food Balances (2010-)","188","Costa Rica","664","Food supply (kcal/capita/day)","S2740","Butter, Ghee","2021","2021","kcal/cap/d","27.32","E","Estimated value"
"FBS","Food Balances (2010-)","188","Costa Rica","664","Food supply (kcal/capita/day)","S2737","Fats, Animals, Raw","2021","2021","kcal/cap/d","62.31","E","Estimated value"
"FBS","Food Balances (2010-)","188","Costa Rica","664","Food supply (kcal/capita/day)","S2744","Eggs","2021","2021","kcal/cap/d","47.24","E","Estimated value"
"FBS","Food Balances (2010-)","188","Costa Rica","664","Food supply (kcal/capita/day)","S2848","Milk - Excluding Butter","2021","2021","kcal/cap/d","332.37","E","Estimated value"
"FBS","Food Balances (2010-)","188","Costa Rica","664","Food supply (kcal/capita/day)","S2761","Freshwater Fish","2021","2021","kcal/cap/d","11.05","E","Estimated value"
"FBS","Food Balances (2010-)","188","Costa Rica","664","Food supply (kcal/capita/day)","S2762","Demersal Fish","2021","2021","kcal/cap/d","1.47","E","Estimated value"
"FBS","Food Balances (2010-)","188","Costa Rica","664","Food supply (kcal/capita/day)","S2763","Pelagic Fish","2021","2021","kcal/cap/d","25.1","E","Estimated value"
"FBS","Food Balances (2010-)","188","Costa Rica","664","Food supply (kcal/capita/day)","S2764","Marine Fish, Other","2021","2021","kcal/cap/d","1.01","E","Estimated value"
"FBS","Food Balances (2010-)","188","Costa Rica","664","Food supply (kcal/capita/day)","S2765","Crustaceans","2021","2021","kcal/cap/d","1.48","E","Estimated value"
"FBS","Food Balances (2010-)","188","Costa Rica","664","Food supply (kcal/capita/day)","S2766","Cephalopods","2021","2021","kcal/cap/d","0.69","E","Estimated value"
"FBS","Food Balances (2010-)","188","Costa Rica","664","Food supply (kcal/capita/day)","S2767","Molluscs, Other","2021","2021","kcal/cap/d","0.2","E","Estimated value"
"FBS","Food Balances (2010-)","188","Costa Rica","664","Food supply (kcal/capita/day)","S2769","Aquatic Animals, Others","2021","2021","kcal/cap/d","0","E","Estimated value"
"FBS","Food Balances (2010-)","188","Costa Rica","664","Food supply (kcal/capita/day)","S2680","Infant food","2021","2021","kcal/cap/d","2.38","E","Estimated value"
"FBS","Food Balances (2010-)","188","Costa Rica","664","Food supply (kcal/capita/day)","S2899","Miscellaneous","2021","2021","kcal/cap/d","0","E","Estimated value"
"FBS","Food Balances (2010-)","300","Greece","664","Food supply (kcal/capita/day)","S2511","Wheat and products","2021","2021","kcal/cap/d","707.64","E","Estimated value"
"FBS","Food Balances (2010-)","300","Greece","664","Food supply (kcal/capita/day)","S2807","Rice and products","2021","2021","kcal/cap/d","46.91","E","Estimated value"
"FBS","Food Balances (2010-)","300","Greece","664","Food supply (kcal/capita/day)","S2513","Barley and products","2021","2021","kcal/cap/d","10.03","E","Estimated value"
"FBS","Food Balances (2010-)","300","Greece","664","Food supply (kcal/capita/day)","S2514","Maize and products","2021","2021","kcal/cap/d","12.08","E","Estimated value"
"FBS","Food Balances (2010-)","300","Greece","664","Food supply (kcal/capita/day)","S2515","Rye and products","2021","2021","kcal/cap/d","1.6","E","Estimated value"
"FBS","Food Balances (2010-)","300","Greece","664","Food supply (kcal/capita/day)","S2516","Oats","2021","2021","kcal/cap/d","6.65","E","Estimated value"
"FBS","Food Balances (2010-)","300","Greece","664","Food supply (kcal/capita/day)","S2520","Cereals, Other","2021","2021","kcal/cap/d","3.45","E","Estimated value"
"FBS","Food Balances (2010-)","300","Greece","664","Food supply (kcal/capita/day)","S2531","Potatoes and products","2021","2021","kcal/cap/d","85.71","E","Estimated value"
"FBS","Food Balances (2010-)","300","Greece","664","Food supply (kcal/capita/day)","S2533","Sweet potatoes","2021","2021","kcal/cap/d","0.05","E","Estimated value"
"FBS","Food Balances (2010-)","300","Greece","664","Food supply (kcal/capita/day)","S2534","Roots, Other","2021","2021","kcal/cap/d","0.01","E","Estimated value"
"FBS","Food Balances (2010-)","300","Greece","664","Food supply (kcal/capita/day)","S2542","Sugar (Raw Equivalent)","2021","2021","kcal/cap/d","338.78","E","Estimated value"
"FBS","Food Balances (2010-)","300","Greece","664","Food supply (kcal/capita/day)","S2543","Sweeteners, Other","2021","2021","kcal/cap/d","9.89","E","Estimated value"
"FBS","Food Balances (2010-)","300","Greece","664","Food supply (kcal/capita/day)","S2745","Honey","2021","2021","kcal/cap/d","14.25","E","Estimated value"
"FBS","Food Balances (2010-)","300","Greece","664","Food supply (kcal/capita/day)","S2546","Beans","2021","2021","kcal/cap/d","9.41","E","Estimated value"
"FBS","Food Balances (2010-)","300","Greece","664","Food supply (kcal/capita/day)","S2547","Peas","2021","2021","kcal/cap/d","2.93","E","Estimated value"
"FBS","Food Balances (2010-)","300","Greece","664","Food supply (kcal/capita/day)","S2549","Pulses, Other and products","2021","2021","kcal/cap/d","16.74","E","Estimated value"
"FBS","Food Balances (2010-)","300","Greece","664","Food supply (kcal/capita/day)","S2551","Nuts and products","2021","2021","kcal/cap/d","85.97","E","Estimated value"
"FBS","Food Balances (2010-)","300","Greece","664","Food supply (kcal/capita/day)","S2555","Soyabeans","2021","2021","kcal/cap/d","0.07","E","Estimated value"
"FBS","Food Balances (2010-)","300","Greece","664","Food supply (kcal/capita/day)","S2552","Groundnuts","2021","2021","kcal/cap/d","5.18","E","Estimated value"
"FBS","Food Balances (2010-)","300","Greece","664","Food supply (kcal/capita/day)","S2558","Rape and Mustardseed","2021","2021","kcal/cap/d","1.72","E","Estimated value"
"FBS","Food Balances (2010-)","300","Greece","664","Food supply (kcal/capita/day)","S2560","Coconuts - Incl Copra","2021","2021","kcal/cap/d","1.07","E","Estimated value"
"FBS","Food Balances (2010-)","300","Greece","664","Food supply (kcal/capita/day)","S2561","Sesame seed","2021","2021","kcal/cap/d","23.01","E","Estimated value"
"FBS","Food Balances (2010-)","300","Greece","664","Food supply (kcal/capita/day)","S2563","Olives (including preserved)","2021","2021","kcal/cap/d","95.71","E","Estimated value"
"FBS","Food Balances (2010-)","300","Greece","664","Food supply (kcal/capita/day)","S2570","Oilcrops, Other","2021","2021","kcal/cap/d","0.04","E","Estimated value"
"FBS","Food Balances (2010-)","300","Greece","664","Food supply (kcal/capita/day)","S2571","Soyabean Oil","2021","2021","kcal/cap/d","21.4","E","Estimated value"
"FBS","Food Balances (2010-)","300","Greece","664","Food supply (kcal/capita/day)","S2572","Groundnut Oil","2021","2021","kcal/cap/d","7.26","E","Estimated value"
"FBS","Food Balances (2010-)","300","Greece","664","Food supply (kcal/capita/day)","S2573","Sunflowerseed Oil","2021","2021","kcal/cap/d","70.64","E","Estimated value"
"FBS","Food Balances (2010-)","300","Greece","664","Food supply (kcal/capita/day)","S2575","Cottonseed Oil","2021","2021","kcal/cap/d","18.86","E","Estimated value"
"FBS","Food Balances (2010-)","300","Greece","664","Food supply (kcal/capita/day)","S2579","Sesameseed Oil","2021","2021","kcal/cap/d","12.27","E","Estimated value"
"FBS","Food Balances (2010-)","300","Greece","664","Food supply (kcal/capita/day)","S2580","Olive Oil","2021","2021","kcal/cap/d","337.34","E","Estimated value"
"FBS","Food Balances (2010-)","300","Greece","664","Food supply (kcal/capita/day)","S2582","Maize Germ Oil","2021","2021","kcal/cap/d","43.99","E","Estimated value"
"FBS","Food Balances (2010-)","300","Greece","664","Food supply (kcal/capita/day)","S2586","Oilcrops Oil, Other","2021","2021","kcal/cap/d","97.88","E","Estimated value"
"FBS","Food Balances (2010-)","300","Greece","664","Food supply (kcal/capita/day)","S2601","Tomatoes and products","2021","2021","kcal/cap/d","26.4","E","Estimated value"
"FBS","Food Balances (2010-)","300","Greece","664","Food supply (kcal/capita/day)","S2602","Onions","2021","2021","kcal/cap/d","13.41","E","Estimated value"
"FBS","Food Balances (2010-)","300","Greece","664","Food supply (kcal/capita/day)","S2605","Vegetables, other","2021","2021","kcal/cap/d","56.11","E","Estimated value"
"FBS","Food Balances (2010-)","300","Greece","664","Food supply (kcal/capita/day)","S2611","Oranges, Mandarines","2021","2021","kcal/cap/d","22.55","E","Estimated value"
"FBS","Food Balances (2010-)","300","Greece","664","Food supply (kcal/capita/day)","S2612","Lemons, Limes and products","2021","2021","kcal/cap/d","5.42","E","Estimated value"
"FBS","Food Balances (2010-)","300","Greece","664","Food supply (kcal/capita/day)","S2613","Grapefruit and products","2021","2021","kcal/cap/d","0.29","E","Estimated value"
"FBS","Food Balances (2010-)","300","Greece","664","Food supply (kcal/capita/day)","S2614","Citrus, Other","2021","2021","kcal/cap/d","0.98","E","Estimated value"
"FBS","Food Balances (2010-)","300","Greece","664","Food supply (kcal/capita/day)","S2615","Bananas","2021","2021","kcal/cap/d","28.3","E","Estimated value"
"FBS","Food Balances (2010-)","300","Greece","664","Food supply (kcal/capita/day)","S2616","Plantains","2021","2021","kcal/cap/d","0","E","Estimated value"
"FBS","Food Balances (2010-)","300","Greece","664","Food supply (kcal/capita/day)","S2617","Apples and products","2021","2021","kcal/cap/d","8.44","E","Estimated value"
"FBS","Food Balances (2010-)","300","Greece","664","Food supply (kcal/capita/day)","S2618","Pineapples and products","2021","2021","kcal/cap/d","1.73","E","Estimated value"
"FBS","Food Balances (2010-)","300","Greece","664","Food supply (kcal/capita/day)","S2619","Dates","2021","2021","kcal/cap/d","0.95","E","Estimated value"
"FBS","Food Balances (2010-)","300","Greece","664","Food supply (kcal/capita/day)","S2620","Grapes and products (excl wine)","2021","2021","kcal/cap/d","37.3","E","Estimated value"
"FBS","Food Balances (2010-)","300","Greece","664","Food supply (kcal/capita/day)","S2625","Fruits, other","2021","2021","kcal/cap/d","62.49","E","Estimated value"
"FBS","Food Balances (2010-)","300","Greece","664","Food supply (kcal/capita/day)","S2630","Coffee and products","2021","2021","kcal/cap/d","7.69","E","Estimated value"
"FBS","Food Balances (2010-)","300","Greece","664","Food supply (kcal/capita/day)","S2633","Cocoa Beans and products","2021","2021","kcal/cap/d","32.05","E","Estimated value"
"FBS","Food Balances (2010-)","300","Greece","664","Food supply (kcal/capita/day)","S2635","Tea (including mate)","2021","2021","kcal/cap/d","0.13","E","Estimated value"
"FBS","Food Balances (2010-)","300","Greece","664","Food supply (kcal/capita/day)","S2640","Pepper","2021","2021","kcal/cap/d","0.95","E","Estimated value"
"FBS","Food Balances (2010-)","300","Greece","664","Food supply (kcal/capita/day)","S2641","Pimento","2021","2021","kcal/cap/d","0.65","E","Estimated value"
"FBS","Food Balances (2010-)","300","Greece","664","Food supply (kcal/capita/day)","S2642","Cloves","2021","2021","kcal/cap/d","0.04","E","Estimated value"
"FBS","Food Balances (2010-)","300","Greece","664","Food supply (kcal/capita/day)","S2645","Spices, Other","2021","2021","kcal/cap/d","1.85","E","Estimated value"
"FBS","Food Balances (2010-)","300","Greece","664","Food supply (kcal/capita/day)","S2655","Wine","2021","2021","kcal/cap/d","38.01","E","Estimated value"
"FBS","Food Balances (2010-)","300","Greece","664","Food supply (kcal/capita/day)","S2656","Beer","2021","2021","kcal/cap/d","36.29","E","Estimated value"
"FBS","Food Balances (2010-)","300","Greece","664","Food supply (kcal/capita/day)","S2657","Beverages, Fermented","2021","2021","kcal/cap/d","0.4","E","Estimated value"
"FBS","Food Balances (2010-)","300","Greece","664","Food supply (kcal/capita/day)","S2658","Beverages, Alcoholic","2021","2021","kcal/cap/d","12.67","E","Estimated value"
"FBS","Food Balances (2010-)","300","Greece","664","Food supply (kcal/capita/day)","S2731","Bovine Meat","2021","2021","kcal/cap/d","50.23","E","Estimated value"
"FBS","Food Balances (2010-)","300","Greece","664","Food supply (kcal/capita/day)","S2732","Mutton & Goat Meat","2021","2021","kcal/cap/d","40.79","E","Estimated value"
"FBS","Food Balances (2010-)","300","Greece","664","Food supply (kcal/capita/day)","S2733","Pigmeat","2021","2021","kcal/cap/d","104.61","E","Estimated value"
"FBS","Food Balances (2010-)","300","Greece","664","Food supply (kcal/capita/day)","S2734","Poultry Meat","2021","2021","kcal/cap/d","97.82","E","Estimated value"
"FBS","Food Balances (2010-)","300","Greece","664","Food supply (kcal/capita/day)","S2735","Meat, Other","2021","2021","kcal/cap/d","3.46","E","Estimated value"
"FBS","Food Balances (2010-)","300","Greece","664","Food supply (kcal/capita/day)","S2736","Offals, Edible","2021","2021","kcal/cap/d","10.25","E","Estimated value"
"FBS","Food Balances (2010-)","300","Greece","664","Food supply (kcal/capita/day)","S2740","Butter, Ghee","2021","2021","kcal/cap/d","22.81","E","Estimated value"
"FBS","Food Balances (2010-)","300","Greece","664","Food supply (kcal/capita/day)","S2743","Cream","2021","2021","kcal/cap/d","21.97","E","Estimated value"
"FBS","Food Balances (2010-)","300","Greece","664","Food supply (kcal/capita/day)","S2737","Fats, Animals, Raw","2021","2021","kcal/cap/d","17.61","E","Estimated value"
"FBS","Food Balances (2010-)","300","Greece","664","Food supply (kcal/capita/day)","S2744","Eggs","2021","2021","kcal/cap/d","30.76","E","Estimated value"
"FBS","Food Balances (2010-)","300","Greece","664","Food supply (kcal/capita/day)","S2848","Milk - Excluding Butter","2021","2021","kcal/cap/d","422.13","E","Estimated value"
"FBS","Food Balances (2010-)","300","Greece","664","Food supply (kcal/capita/day)","S2761","Freshwater Fish","2021","2021","kcal/cap/d","4.32","E","Estimated value"
"FBS","Food Balances (2010-)","300","Greece","664","Food supply (kcal/capita/day)","S2762","Demersal Fish","2021","2021","kcal/cap/d","8.68","E","Estimated value"
"FBS","Food Balances (2010-)","300","Greece","664","Food supply (kcal/capita/day)","S2763","Pelagic Fish","2021","2021","kcal/cap/d","11.86","E","Estimated value"
"FBS","Food Balances (2010-)","300","Greece","664","Food supply (kcal/capita/day)","S2764","Marine Fish, Other","2021","2021","kcal/cap/d","1.84","E","Estimated value"
"FBS","Food Balances (2010-)","300","Greece","664","Food supply (kcal/capita/day)","S2765","Crustaceans","2021","2021","kcal/cap/d","1.84","E","Estimated value"
"FBS","Food Balances (2010-)","300","Greece","664","Food supply (kcal/capita/day)","S2766","Cephalopods","2021","2021","kcal/cap/d","6.98","E","Estimated value"
"FBS","Food Balances (2010-)","300","Greece","664","Food supply (kcal/capita/day)","S2767","Molluscs, Other","2021","2021","kcal/cap/d","0.62","E","Estimated value"
"FBS","Food Balances (2010-)","300","Greece","664","Food supply (kcal/capita/day)","S2769","Aquatic Animals, Others","2021","2021","kcal/cap/d","0.01","E","Estimated value"
"FBS","Food Balances (2010-)","300","Greece","664","Food supply (kcal/capita/day)","S2680","Infant food","2021","2021","kcal/cap/d","7.57","E","Estimated value"
"FBS","Food Balances (2010-)","300","Greece","664","Food supply (kcal/capita/day)","S2899","Miscellaneous","2021","2021","kcal/cap/d","0","E","Estimated value"
"FBS","Food Balances (2010-)","380","Italy","664","Food supply (kcal/capita/day)","S2511","Wheat and products","2021","2021","kcal/cap/d","988.25","E","Estimated value"
"FBS","Food Balances (2010-)","380","Italy","664","Food supply (kcal/capita/day)","S2807","Rice and products","2021","2021","kcal/cap/d","57.61","E","Estimated value"
"FBS","Food Balances (2010-)","380","Italy","664","Food supply (kcal/capita/day)","S2513","Barley and products","2021","2021","kcal/cap/d","1","E","Estimated value"
"FBS","Food Balances (2010-)","380","Italy","664","Food supply (kcal/capita/day)","S2514","Maize and products","2021","2021","kcal/cap/d","23.68","E","Estimated value"
"FBS","Food Balances (2010-)","380","Italy","664","Food supply (kcal/capita/day)","S2515","Rye and products","2021","2021","kcal/cap/d","1.14","E","Estimated value"
"FBS","Food Balances (2010-)","380","Italy","664","Food supply (kcal/capita/day)","S2516","Oats","2021","2021","kcal/cap/d","3.11","E","Estimated value"
"FBS","Food Balances (2010-)","380","Italy","664","Food supply (kcal/capita/day)","S2520","Cereals, Other","2021","2021","kcal/cap/d","15","E","Estimated value"
"FBS","Food Balances (2010-)","380","Italy","664","Food supply (kcal/capita/day)","S2531","Potatoes and products","2021","2021","kcal/cap/d","77.46","E","Estimated value"
"FBS","Food Balances (2010-)","380","Italy","664","Food supply (kcal/capita/day)","S2533","Sweet potatoes","2021","2021","kcal/cap/d","0.75","E","Estimated value"
"FBS","Food Balances (2010-)","380","Italy","664","Food supply (kcal/capita/day)","S2535","Yams","2021","2021","kcal/cap/d","0.01","E","Estimated value"
"FBS","Food Balances (2010-)","380","Italy","664","Food supply (kcal/capita/day)","S2534","Roots, Other","2021","2021","kcal/cap/d","0.02","E","Estimated value"
"FBS","Food Balances (2010-)","380","Italy","664","Food supply (kcal/capita/day)","S2542","Sugar (Raw Equivalent)","2021","2021","kcal/cap/d","323.42","E","Estimated value"
"FBS","Food Balances (2010-)","380","Italy","664","Food supply (kcal/capita/day)","S2543","Sweeteners, Other","2021","2021","kcal/cap/d","19.52","E","Estimated value"
"FBS","Food Balances (2010-)","380","Italy","664","Food supply (kcal/capita/day)","S2745","Honey","2021","2021","kcal/cap/d","3.8","E","Estimated value"
"FBS","Food Balances (2010-)","380","Italy","664","Food supply (kcal/capita/day)","S2546","Beans","2021","2021","kcal/cap/d","16.36","E","Estimated value"
"FBS","Food Balances (2010-)","380","Italy","664","Food supply (kcal/capita/day)","S2547","Peas","2021","2021","kcal/cap/d","26.89","E","Estimated value"
"FBS","Food Balances (2010-)","380","Italy","664","Food supply (kcal/capita/day)","S2549","Pulses, Other and products","2021","2021","kcal/cap/d","28.51","E","Estimated value"
"FBS","Food Balances (2010-)","380","Italy","664","Food supply (kcal/capita/day)","S2551","Nuts and products","2021","2021","kcal/cap/d","53.95","E","Estimated value"
"FBS","Food Balances (2010-)","380","Italy","664","Food supply (kcal/capita/day)","S2555","Soyabeans","2021","2021","kcal/cap/d","0.31","E","Estimated value"
"FBS","Food Balances (2010-)","380","Italy","664","Food supply (kcal/capita/day)","S2552","Groundnuts","2021","2021","kcal/cap/d","6.79","E","Estimated value"
"FBS","Food Balances (2010-)","380","Italy","664","Food supply (kcal/capita/day)","S2558","Rape and Mustardseed","2021","2021","kcal/cap/d","0.28","E","Estimated value"
"FBS","Food Balances (2010-)","380","Italy","664","Food supply (kcal/capita/day)","S2560","Coconuts - Incl Copra","2021","2021","kcal/cap/d","1.21","E","Estimated value"
"FBS","Food Balances (2010-)","380","Italy","664","Food supply (kcal/capita/day)","S2563","Olives (including preserved)","2021","2021","kcal/cap/d","15.23","E","Estimated value"
"FBS","Food Balances (2010-)","380","Italy","664","Food supply (kcal/capita/day)","S2570","Oilcrops, Other","2021","2021","kcal/cap/d","0","E","Estimated value"
"FBS","Food Balances (2010-)","380","Italy","664","Food supply (kcal/capita/day)","S2571","Soyabean Oil","2021","2021","kcal/cap/d","114.18","E","Estimated value"
"FBS","Food Balances (2010-)","380","Italy","664","Food supply (kcal/capita/day)","S2572","Groundnut Oil","2021","2021","kcal/cap/d","16.57","E","Estimated value"
"FBS","Food Balances (2010-)","380","Italy","664","Food supply (kcal/capita/day)","S2573","Sunflowerseed Oil","2021","2021","kcal/cap/d","133.19","E","Estimated value"
"FBS","Food Balances (2010-)","380","Italy","664","Food supply (kcal/capita/day)","S2574","Rape and Mustard Oil","2021","2021","kcal/cap/d","1.42","E","Estimated value"
"FBS","Food Balances (2010-)","380","Italy","664","Food supply (kcal/capita/day)","S2575","Cottonseed Oil","2021","2021","kcal/cap/d","0","E","Estimated value"
"FBS","Food Balances (2010-)","380","Italy","664","Food supply (kcal/capita/day)","S2576","Palmkernel Oil","2021","2021","kcal/cap/d","3.26","E","Estimated value"
"FBS","Food Balances (2010-)","380","Italy","664","Food supply (kcal/capita/day)","S2577","Palm Oil","2021","2021","kcal/cap/d","88.76","E","Estimated value"
"FBS","Food Balances (2010-)","380","Italy","664","Food supply (kcal/capita/day)","S2579","Sesameseed Oil","2021","2021","kcal/cap/d","1.68","E","Estimated value"
"FBS","Food Balances (2010-)","380","Italy","664","Food supply (kcal/capita/day)","S2580","Olive Oil","2021","2021","kcal/cap/d","234.31","E","Estimated value"
"FBS","Food Balances (2010-)","380","Italy","664","Food supply (kcal/capita/day)","S2582","Maize Germ Oil","2021","2021","kcal/cap/d","26.14","E","Estimated value"
"FBS","Food Balances (2010-)","380","Italy","664","Food supply (kcal/capita/day)","S2586","Oilcrops Oil, Other","2021","2021","kcal/cap/d","84.61","E","Estimated value"
"FBS","Food Balances (2010-)","380","Italy","664","Food supply (kcal/capita/day)","S2601","Tomatoes and products","2021","2021","kcal/cap/d","14.25","E","Estimated value"
"FBS","Food Balances (2010-)","380","Italy","664","Food supply (kcal/capita/day)","S2602","Onions","2021","2021","kcal/cap/d","7.61","E","Estimated value"
"FBS","Food Balances (2010-)","380","Italy","664","Food supply (kcal/capita/day)","S2605","Vegetables, other","2021","2021","kcal/cap/d","46.25","E","Estimated value"
"FBS","Food Balances (2010-)","380","Italy","664","Food supply (kcal/capita/day)","S2611","Oranges, Mandarines","2021","2021","kcal/cap/d","35.49","E","Estimated value"
"FBS","Food Balances (2010-)","380","Italy","664","Food supply (kcal/capita/day)","S2612","Lemons, Limes and products","2021","2021","kcal/cap/d","6.83","E","Estimated value"
"FBS","Food Balances (2010-)","380","Italy","664","Food supply (kcal/capita/day)","S2613","Grapefruit and products","2021","2021","kcal/cap/d","0.45","E","Estimated value"
"FBS","Food Balances (2010-)","380","Italy","664","Food supply (kcal/capita/day)","S2614","Citrus, Other","2021","2021","kcal/cap/d","1.49","E","Estimated value"
"FBS","Food Balances (2010-)","380","Italy","664","Food supply (kcal/capita/day)","S2615","Bananas","2021","2021","kcal/cap/d","20.52","E","Estimated value"
"FBS","Food Balances (2010-)","380","Italy","664","Food supply (kcal/capita/day)","S2616","Plantains","2021","2021","kcal/cap/d","1.33","E","Estimated value"
"FBS","Food Balances (2010-)","380","Italy","664","Food supply (kcal/capita/day)","S2617","Apples and products","2021","2021","kcal/cap/d","19.27","E","Estimated value"
"FBS","Food Balances (2010-)","380","Italy","664","Food supply (kcal/capita/day)","S2618","Pineapples and products","2021","2021","kcal/cap/d","2.22","E","Estimated value"
"FBS","Food Balances (2010-)","380","Italy","664","Food supply (kcal/capita/day)","S2619","Dates","2021","2021","kcal/cap/d","1.36","E","Estimated value"
"FBS","Food Balances (2010-)","380","Italy","664","Food supply (kcal/capita/day)","S2620","Grapes and products (excl wine)","2021","2021","kcal/cap/d","21.88","E","Estimated value"
"FBS","Food Balances (2010-)","380","Italy","664","Food supply (kcal/capita/day)","S2625","Fruits, other","2021","2021","kcal/cap/d","45.15","E","Estimated value"
"FBS","Food Balances (2010-)","380","Italy","664","Food supply (kcal/capita/day)","S2630","Coffee and products","2021","2021","kcal/cap/d","2.58","E","Estimated value"
"FBS","Food Balances (2010-)","380","Italy","664","Food supply (kcal/capita/day)","S2633","Cocoa Beans and products","2021","2021","kcal/cap/d","6.37","E","Estimated value"
"FBS","Food Balances (2010-)","380","Italy","664","Food supply (kcal/capita/day)","S2635","Tea (including mate)","2021","2021","kcal/cap/d","0.01","E","Estimated value"
"FBS","Food Balances (2010-)","380","Italy","664","Food supply (kcal/capita/day)","S2640","Pepper","2021","2021","kcal/cap/d","0.57","E","Estimated value"
"FBS","Food Balances (2010-)","380","Italy","664","Food supply (kcal/capita/day)","S2641","Pimento","2021","2021","kcal/cap/d","0.35","E","Estimated value"
"FBS","Food Balances (2010-)","380","Italy","664","Food supply (kcal/capita/day)","S2642","Cloves","2021","2021","kcal/cap/d","0.02","E","Estimated value"
"FBS","Food Balances (2010-)","380","Italy","664","Food supply (kcal/capita/day)","S2645","Spices, Other","2021","2021","kcal/cap/d","0.99","E","Estimated value"
"FBS","Food Balances (2010-)","380","Italy","664","Food supply (kcal/capita/day)","S2655","Wine","2021","2021","kcal/cap/d","92.59","E","Estimated value"
"FBS","Food Balances (2010-)","380","Italy","664","Food supply (kcal/capita/day)","S2656","Beer","2021","2021","kcal/cap/d","39.92","E","Estimated value"
"FBS","Food Balances (2010-)","380","Italy","664","Food supply (kcal/capita/day)","S2657","Beverages, Fermented","2021","2021","kcal/cap/d","0.09","E","Estimated value"
"FBS","Food Balances (2010-)","380","Italy","664","Food supply (kcal/capita/day)","S2658","Beverages, Alcoholic","2021","2021","kcal/cap/d","6.98","E","Estimated value"
"FBS","Food Balances (2010-)","380","Italy","664","Food supply (kcal/capita/day)","S2731","Bovine Meat","2021","2021","kcal/cap/d","85.29","E","Estimated value"
"FBS","Food Balances (2010-)","380","Italy","664","Food supply (kcal/capita/day)","S2732","Mutton & Goat Meat","2021","2021","kcal/cap/d","4.8","E","Estimated value"
"FBS","Food Balances (2010-)","380","Italy","664","Food supply (kcal/capita/day)","S2733","Pigmeat","2021","2021","kcal/cap/d","150.89","E","Estimated value"
"FBS","Food Balances (2010-)","380","Italy","664","Food supply (kcal/capita/day)","S2734","Poultry Meat","2021","2021","kcal/cap/d","75.43","E","Estimated value"
"FBS","Food Balances (2010-)","380","Italy","664","Food supply (kcal/capita/day)","S2735","Meat, Other","2021","2021","kcal/cap/d","3.28","E","Estimated value"
"FBS","Food Balances (2010-)","380","Italy","664","Food supply (kcal/capita/day)","S2736","Offals, Edible","2021","2021","kcal/cap/d","10.79","E","Estimated value"
"FBS","Food Balances (2010-)","380","Italy","664","Food supply (kcal/capita/day)","S2740","Butter, Ghee","2021","2021","kcal/cap/d","51.28","E","Estimated value"
"FBS","Food Balances (2010-)","380","Italy","664","Food supply (kcal/capita/day)","S2743","Cream","2021","2021","kcal/cap/d","33.47","E","Estimated value"
"FBS","Food Balances (2010-)","380","Italy","664","Food supply (kcal/capita/day)","S2737","Fats, Animals, Raw","2021","2021","kcal/cap/d","73.12","E","Estimated value"
"FBS","Food Balances (2010-)","380","Italy","664","Food supply (kcal/capita/day)","S2782","Fish, Liver Oil","2021","2021","kcal/cap/d","0.09","E","Estimated value"
"FBS","Food Balances (2010-)","380","Italy","664","Food supply (kcal/capita/day)","S2744","Eggs","2021","2021","kcal/cap/d","39.6","E","Estimated value"
"FBS","Food Balances (2010-)","380","Italy","664","Food supply (kcal/capita/day)","S2848","Milk - Excluding Butter","2021","2021","kcal/cap/d","403.94","E","Estimated value"
"FBS","Food Balances (2010-)","380","Italy","664","Food supply (kcal/capita/day)","S2761","Freshwater Fish","2021","2021","kcal/cap/d","7.18","E","Estimated value"
"FBS","Food Balances (2010-)","380","Italy","664","Food supply (kcal/capita/day)","S2762","Demersal Fish","2021","2021","kcal/cap/d","9.89","E","Estimated value"
"FBS","Food Balances (2010-)","380","Italy","664","Food supply (kcal/capita/day)","S2763","Pelagic Fish","2021","2021","kcal/cap/d","18.81","E","Estimated value"
"FBS","Food Balances (2010-)","380","Italy","664","Food supply (kcal/capita/day)","S2764","Marine Fish, Other","2021","2021","kcal/cap/d","3.54","E","Estimated value"
"FBS","Food Balances (2010-)","380","Italy","664","Food supply (kcal/capita/day)","S2765","Crustaceans","2021","2021","kcal/cap/d","2.41","E","Estimated value"
"FBS","Food Balances (2010-)","380","Italy","664","Food supply (kcal/capita/day)","S2766","Cephalopods","2021","2021","kcal/cap/d","7.72","E","Estimated value"
"FBS","Food Balances (2010-)","380","Italy","664","Food supply (kcal/capita/day)","S2767","Molluscs, Other","2021","2021","kcal/cap/d","2.55","E","Estimated value"
"FBS","Food Balances (2010-)","380","Italy","664","Food supply (kcal/capita/day)","S2769","Aquatic Animals, Others","2021","2021","kcal/cap/d","0.01","E","Estimated value"
"FBS","Food Balances (2010-)","380","Italy","664","Food supply (kcal/capita/day)","S2680","Infant food","2021","2021","kcal/cap/d","5.6","E","Estimated value"
"FBS","Food Balances (2010-)","380","Italy","664","Food supply (kcal/capita/day)","S2899","Miscellaneous","2021","2021","kcal/cap/d","0","E","Estimated value"
"FBS","Food Balances (2010-)","392","Japan","664","Food supply (kcal/capita/day)","S2511","Wheat and products","2021","2021","kcal/cap/d","328.88","E","Estimated value"
"FBS","Food Balances (2010-)","392","Japan","664","Food supply (kcal/capita/day)","S2807","Rice and products","2021","2021","kcal/cap/d","547.02","E","Estimated value"
"FBS","Food Balances (2010-)","392","Japan","664","Food supply (kcal/capita/day)","S2513","Barley and products","2021","2021","kcal/cap/d","5.41","E","Estimated value"
"FBS","Food Balances (2010-)","392","Japan","664","Food supply (kcal/capita/day)","S2514","Maize and products","2021","2021","kcal/cap/d","77.04","E","Estimated value"
"FBS","Food Balances (2010-)","392","Japan","664","Food supply (kcal/capita/day)","S2515","Rye and products","2021","2021","kcal/cap/d","0.03","E","Estimated value"
"FBS","Food Balances (2010-)","392","Japan","664","Food supply (kcal/capita/day)","S2516","Oats","2021","2021","kcal/cap/d","2.58","E","Estimated value"
"FBS","Food Balances (2010-)","392","Japan","664","Food supply (kcal/capita/day)","S2517","Millet and products","2021","2021","kcal/cap/d","0.42","E","Estimated value"
"FBS","Food Balances (2010-)","392","Japan","664","Food supply (kcal/capita/day)","S2520","Cereals, Other","2021","2021","kcal/cap/d","6.43","E","Estimated value"
"FBS","Food Balances (2010-)","392","Japan","664","Food supply (kcal/capita/day)","S2532","Cassava and products","2021","2021","kcal/cap/d","0.21","E","Estimated value"
"FBS","Food Balances (2010-)","392","Japan","664","Food supply (kcal/capita/day)","S2531","Potatoes and products","2021","2021","kcal/cap/d","39.75","E","Estimated value"
"FBS","Food Balances (2010-)","392","Japan","664","Food supply (kcal/capita/day)","S2533","Sweet potatoes","2021","2021","kcal/cap/d","9.42","E","Estimated value"
"FBS","Food Balances (2010-)","392","Japan","664","Food supply (kcal/capita/day)","S2535","Yams","2021","2021","kcal/cap/d","2.63","E","Estimated value"
"FBS","Food Balances (2010-)","392","Japan","664","Food supply (kcal/capita/day)","S2534","Roots, Other","2021","2021","kcal/cap/d","3.55","E","Estimated value"
"FBS","Food Balances (2010-)","392","Japan","664","Food supply (kcal/capita/day)","S2541","Sugar non-centrifugal","2021","2021","kcal/cap/d","0.66","E","Estimated value"
"FBS","Food Balances (2010-)","392","Japan","664","Food supply (kcal/capita/day)","S2542","Sugar (Raw Equivalent)","2021","2021","kcal/cap/d","185.49","E","Estimated value"
"FBS","Food Balances (2010-)","392","Japan","664","Food supply (kcal/capita/day)","S2543","Sweeteners, Other","2021","2021","kcal/cap/d","80.97","E","Estimated value"
"FBS","Food Balances (2010-)","392","Japan","664","Food supply (kcal/capita/day)","S2745","Honey","2021","2021","kcal/cap/d","2.99","E","Estimated value"
"FBS","Food Balances (2010-)","392","Japan","664","Food supply (kcal/capita/day)","S2546","Beans","2021","2021","kcal/cap/d","6.25","E","Estimated value"
"FBS","Food Balances (2010-)","392","Japan","664","Food supply (kcal/capita/day)","S2547","Peas","2021","2021","kcal/cap/d","0.65","E","Estimated value"
"FBS","Food Balances (2010-)","392","Japan","664","Food supply (kcal/capita/day)","S2549","Pulses, Other and products","2021","2021","kcal/cap/d","3.02","E","Estimated value"
"FBS","Food Balances (2010-)","392","Japan","664","Food supply (kcal/capita/day)","S2551","Nuts and products","2021","2021","kcal/cap/d","17.4","E","Estimated value"
"FBS","Food Balances (2010-)","392","Japan","664","Food supply (kcal/capita/day)","S2555","Soyabeans","2021","2021","kcal/cap/d","104.03","E","Estimated value"
"FBS","Food Balances (2010-)","392","Japan","664","Food supply (kcal/capita/day)","S2552","Groundnuts","2021","2021","kcal/cap/d","10.79","E","Estimated value"
"FBS","Food Balances (2010-)","392","Japan","664","Food supply (kcal/capita/day)","S2557","Sunflower seed","2021","2021","kcal/cap/d","0","E","Estimated value"
"FBS","Food Balances (2010-)","392","Japan","664","Food supply (kcal/capita/day)","S2558","Rape and Mustardseed","2021","2021","kcal/cap/d","0.78","E","Estimated value"
"FBS","Food Balances (2010-)","392","Japan","664","Food supply (kcal/capita/day)","S2560","Coconuts - Incl Copra","2021","2021","kcal/cap/d","0.71","E","Estimated value"
"FBS","Food Balances (2010-)","392","Japan","664","Food supply (kcal/capita/day)","S2561","Sesame seed","2021","2021","kcal/cap/d","6.86","E","Estimated value"
"FBS","Food Balances (2010-)","392","Japan","664","Food supply (kcal/capita/day)","S2563","Olives (including preserved)","2021","2021","kcal/cap/d","0.12","E","Estimated value"
"FBS","Food Balances (2010-)","392","Japan","664","Food supply (kcal/capita/day)","S2570","Oilcrops, Other","2021","2021","kcal/cap/d","0","E","Estimated value"
"FBS","Food Balances (2010-)","392","Japan","664","Food supply (kcal/capita/day)","S2571","Soyabean Oil","2021","2021","kcal/cap/d","86.61","E","Estimated value"
"FBS","Food Balances (2010-)","392","Japan","664","Food supply (kcal/capita/day)","S2572","Groundnut Oil","2021","2021","kcal/cap/d","0.12","E","Estimated value"
"FBS","Food Balances (2010-)","392","Japan","664","Food supply (kcal/capita/day)","S2573","Sunflowerseed Oil","2021","2021","kcal/cap/d","5.34","E","Estimated value"
"FBS","Food Balances (2010-)","392","Japan","664","Food supply (kcal/capita/day)","S2574","Rape and Mustard Oil","2021","2021","kcal/cap/d","166.78","E","Estimated value"
"FBS","Food Balances (2010-)","392","Japan","664","Food supply (kcal/capita/day)","S2577","Palm Oil","2021","2021","kcal/cap/d","20.3","E","Estimated value"
"FBS","Food Balances (2010-)","392","Japan","664","Food supply (kcal/capita/day)","S2578","Coconut Oil","2021","2021","kcal/cap/d","6.56","E","Estimated value"
"FBS","Food Balances (2010-)","392","Japan","664","Food supply (kcal/capita/day)","S2580","Olive Oil","2021","2021","kcal/cap/d","11.71","E","Estimated value"
"FBS","Food Balances (2010-)","392","Japan","664","Food supply (kcal/capita/day)","S2581","Ricebran Oil","2021","2021","kcal/cap/d","4.04","E","Estimated value"
"FBS","Food Balances (2010-)","392","Japan","664","Food supply (kcal/capita/day)","S2582","Maize Germ Oil","2021","2021","kcal/cap/d","13.78","E","Estimated value"
"FBS","Food Balances (2010-)","392","Japan","664","Food supply (kcal/capita/day)","S2586","Oilcrops Oil, Other","2021","2021","kcal/cap/d","66.79","E","Estimated value"
"FBS","Food Balances (2010-)","392","Japan","664","Food supply (kcal/capita/day)","S2601","Tomatoes and products","2021","2021","kcal/cap/d","5.97","E","Estimated value"
"FBS","Food Balances (2010-)","392","Japan","664","Food supply (kcal/capita/day)","S2602","Onions","2021","2021","kcal/cap/d","12.26","E","Estimated value"
"FBS","Food Balances (2010-)","392","Japan","664","Food supply (kcal/capita/day)","S2605","Vegetables, other","2021","2021","kcal/cap/d","57.65","E","Estimated value"
"FBS","Food Balances (2010-)","392","Japan","664","Food supply (kcal/capita/day)","S2611","Oranges, Mandarines","2021","2021","kcal/cap/d","6.22","E","Estimated value"
"FBS","Food Balances (2010-)","392","Japan","664","Food supply (kcal/capita/day)","S2612","Lemons, Limes and products","2021","2021","kcal/cap/d","0.31","E","Estimated value"
"FBS","Food Balances (2010-)","392","Japan","664","Food supply (kcal/capita/day)","S2613","Grapefruit and products","2021","2021","kcal/cap/d","0.62","E","Estimated value"
"FBS","Food Balances (2010-)","392","Japan","664","Food supply (kcal/capita/day)","S2614","Citrus, Other","2021","2021","kcal/cap/d","1.33","E","Estimated value"
"FBS","Food Balances (2010-)","392","Japan","664","Food supply (kcal/capita/day)","S2615","Bananas","2021","2021","kcal/cap/d","13.34","E","Estimated value"
"FBS","Food Balances (2010-)","392","Japan","664","Food supply (kcal/capita/day)","S2616","Plantains","2021","2021","kcal/cap/d","0.02","E","Estimated value"
"FBS","Food Balances (2010-)","392","Japan","664","Food supply (kcal/capita/day)","S2617","Apples and products","2021","2021","kcal/cap/d","8.69","E","Estimated value"
"FBS","Food Balances (2010-)","392","Japan","664","Food supply (kcal/capita/day)","S2618","Pineapples and products","2021","2021","kcal/cap/d","1.84","E","Estimated value"
"FBS","Food Balances (2010-)","392","Japan","664","Food supply (kcal/capita/day)","S2619","Dates","2021","2021","kcal/cap/d","0.1","E","Estimated value"
"FBS","Food Balances (2010-)","392","Japan","664","Food supply (kcal/capita/day)","S2620","Grapes and products (excl wine)","2021","2021","kcal/cap/d","3.93","E","Estimated value"
"FBS","Food Balances (2010-)","392","Japan","664","Food supply (kcal/capita/day)","S2625","Fruits, other","2021","2021","kcal/cap/d","17.47","E","Estimated value"
"FBS","Food Balances (2010-)","392","Japan","664","Food supply (kcal/capita/day)","S2630","Coffee and products","2021","2021","kcal/cap/d","3.35","E","Estimated value"
"FBS","Food Balances (2010-)","392","Japan","664","Food supply (kcal/capita/day)","S2633","Cocoa Beans and products","2021","2021","kcal/cap/d","20.68","E","Estimated value"
"FBS","Food Balances (2010-)","392","Japan","664","Food supply (kcal/capita/day)","S2635","Tea (including mate)","2021","2021","kcal/cap/d","0","E","Estimated value"
"FBS","Food Balances (2010-)","392","Japan","664","Food supply (kcal/capita/day)","S2640","Pepper","2021","2021","kcal/cap/d","0.58","E","Estimated value"
"FBS","Food Balances (2010-)","392","Japan","664","Food supply (kcal/capita/day)","S2641","Pimento","2021","2021","kcal/cap/d","1.01","E","Estimated value"
"FBS","Food Balances (2010-)","392","Japan","664","Food supply (kcal/capita/day)","S2642","Cloves","2021","2021","kcal/cap/d","0.02","E","Estimated value"
"FBS","Food Balances (2010-)","392","Japan","664","Food supply (kcal/capita/day)","S2645","Spices, Other","2021","2021","kcal/cap/d","4.59","E","Estimated value"
"FBS","Food Balances (2010-)","392","Japan","664","Food supply (kcal/capita/day)","S2655","Wine","2021","2021","kcal/cap/d","5.24","E","Estimated value"
"FBS","Food Balances (2010-)","392","Japan","664","Food supply (kcal/capita/day)","S2656","Beer","2021","2021","kcal/cap/d","23.54","E","Estimated value"
"FBS","Food Balances (2010-)","392","Japan","664","Food supply (kcal/capita/day)","S2657","Beverages, Fermented","2021","2021","kcal/cap/d","15.05","E","Estimated value"
"FBS","Food Balances (2010-)","392","Japan","664","Food supply (kcal/capita/day)","S2658","Beverages, Alcoholic","2021","2021","kcal/cap/d","54.58","E","Estimated value"
"FBS","Food Balances (2010-)","392","Japan","664","Food supply (kcal/capita/day)","S2731","Bovine Meat","2021","2021","kcal/cap/d","36.52","E","Estimated value"
"FBS","Food Balances (2010-)","392","Japan","664","Food supply (kcal/capita/day)","S2732","Mutton & Goat Meat","2021","2021","kcal/cap/d","0.74","E","Estimated value"
"FBS","Food Balances (2010-)","392","Japan","664","Food supply (kcal/capita/day)","S2733","Pigmeat","2021","2021","kcal/cap/d","98.89","E","Estimated value"
"FBS","Food Balances (2010-)","392","Japan","664","Food supply (kcal/capita/day)","S2734","Poultry Meat","2021","2021","kcal/cap/d","99.21","E","Estimated value"
"FBS","Food Balances (2010-)","392","Japan","664","Food supply (kcal/capita/day)","S2735","Meat, Other","2021","2021","kcal/cap/d","0.39","E","Estimated value"
"FBS","Food Balances (2010-)","392","Japan","664","Food supply (kcal/capita/day)","S2736","Offals, Edible","2021","2021","kcal/cap/d","8.84","E","Estimated value"
"FBS","Food Balances (2010-)","392","Japan","664","Food supply (kcal/capita/day)","S2740","Butter, Ghee","2021","2021","kcal/cap/d","13.58","E","Estimated value"
"FBS","Food Balances (2010-)","392","Japan","664","Food supply (kcal/capita/day)","S2743","Cream","2021","2021","kcal/cap/d","0","E","Estimated value"
"FBS","Food Balances (2010-)","392","Japan","664","Food supply (kcal/capita/day)","S2737","Fats, Animals, Raw","2021","2021","kcal/cap/d","11.76","E","Estimated value"
"FBS","Food Balances (2010-)","392","Japan","664","Food supply (kcal/capita/day)","S2781","Fish, Body Oil","2021","2021","kcal/cap/d","7.8","E","Estimated value"
"FBS","Food Balances (2010-)","392","Japan","664","Food supply (kcal/capita/day)","S2744","Eggs","2021","2021","kcal/cap/d","68.82","E","Estimated value"
"FBS","Food Balances (2010-)","392","Japan","664","Food supply (kcal/capita/day)","S2848","Milk - Excluding Butter","2021","2021","kcal/cap/d","124","E","Estimated value"
"FBS","Food Balances (2010-)","392","Japan","664","Food supply (kcal/capita/day)","S2761","Freshwater Fish","2021","2021","kcal/cap/d","11.48","E","Estimated value"
"FBS","Food Balances (2010-)","392","Japan","664","Food supply (kcal/capita/day)","S2762","Demersal Fish","2021","2021","kcal/cap/d","14.73","E","Estimated value"
"FBS","Food Balances (2010-)","392","Japan","664","Food supply (kcal/capita/day)","S2763","Pelagic Fish","2021","2021","kcal/cap/d","40.72","E","Estimated value"
"FBS","Food Balances (2010-)","392","Japan","664","Food supply (kcal/capita/day)","S2764","Marine Fish, Other","2021","2021","kcal/cap/d","14.8","E","Estimated value"
"FBS","Food Balances (2010-)","392","Japan","664","Food supply (kcal/capita/day)","S2765","Crustaceans","2021","2021","kcal/cap/d","3.17","E","Estimated value"
"FBS","Food Balances (2010-)","392","Japan","664","Food supply (kcal/capita/day)","S2766","Cephalopods","2021","2021","kcal/cap/d","5.92","E","Estimated value"
"FBS","Food Balances (2010-)","392","Japan","664","Food supply (kcal/capita/day)","S2767","Molluscs, Other","2021","2021","kcal/cap/d","2.92","E","Estimated value"
"FBS","Food Balances (2010-)","392","Japan","664","Food supply (kcal/capita/day)","S2769","Aquatic Animals, Others","2021","2021","kcal/cap/d","0.09","E","Estimated value"
"FBS","Food Balances (2010-)","392","Japan","664","Food supply (kcal/capita/day)","S2775","Aquatic Plants","2021","2021","kcal/cap/d","1.2","E","Estimated value"
"FBS","Food Balances (2010-)","392","Japan","664","Food supply (kcal/capita/day)","S2899","Miscellaneous","2021","2021","kcal/cap/d","8.94","E","Estimated value"
"FBS","Food Balances (2010-)","840","United States of America","664","Food supply (kcal/capita/day)","S2511","Wheat and products","2021","2021","kcal/cap/d","598.24","E","Estimated value"
"FBS","Food Balances (2010-)","840","United States of America","664","Food supply (kcal/capita/day)","S2807","Rice and products","2021","2021","kcal/cap/d","78.49","E","Estimated value"
"FBS","Food Balances (2010-)","840","United States of America","664","Food supply (kcal/capita/day)","S2513","Barley and products","2021","2021","kcal/cap/d","0.43","E","Estimated value"
"FBS","Food Balances (2010-)","840","United States of America","664","Food supply (kcal/capita/day)","S2514","Maize and products","2021","2021","kcal/cap/d","92.21","E","Estimated value"
"FBS","Food Balances (2010-)","840","United States of America","664","Food supply (kcal/capita/day)","S2515","Rye and products","2021","2021","kcal/cap/d","4.9","E","Estimated value"
"FBS","Food Balances (2010-)","840","United States of America","664","Food supply (kcal/capita/day)","S2516","Oats","2021","2021","kcal/cap/d","29.02","E","Estimated value"
"FBS","Food Balances (2010-)","840","United States of America","664","Food supply (kcal/capita/day)","S2518","Sorghum and products","2021","2021","kcal/cap/d","6.68","E","Estimated value"
"FBS","Food Balances (2010-)","840","United States of America","664","Food supply (kcal/capita/day)","S2520","Cereals, Other","2021","2021","kcal/cap/d","8.25","E","Estimated value"
"FBS","Food Balances (2010-)","840","United States of America","664","Food supply (kcal/capita/day)","S2532","Cassava and products","2021","2021","kcal/cap/d","0.6","E","Estimated value"
"FBS","Food Balances (2010-)","840","United States of America","664","Food supply (kcal/capita/day)","S2531","Potatoes and products","2021","2021","kcal/cap/d","84.12","E","Estimated value"
"FBS","Food Balances (2010-)","840","United States of America","664","Food supply (kcal/capita/day)","S2533","Sweet potatoes","2021","2021","kcal/cap/d","7.79","E","Estimated value"
"FBS","Food Balances (2010-)","840","United States of America","664","Food supply (kcal/capita/day)","S2535","Yams","2021","2021","kcal/cap/d","0.27","E","Estimated value"
"FBS","Food Balances (2010-)","840","United States of America","664","Food supply (kcal/capita/day)","S2534","Roots, Other","2021","2021","kcal/cap/d","1.72","E","Estimated value"
"FBS","Food Balances (2010-)","840","United States of America","664","Food supply (kcal/capita/day)","S2542","Sugar (Raw Equivalent)","2021","2021","kcal/cap/d","344.86","E","Estimated value"
"FBS","Food Balances (2010-)","840","United States of America","664","Food supply (kcal/capita/day)","S2543","Sweeteners, Other","2021","2021","kcal/cap/d","250.82","E","Estimated value"
"FBS","Food Balances (2010-)","840","United States of America","664","Food supply (kcal/capita/day)","S2745","Honey","2021","2021","kcal/cap/d","7.11","E","Estimated value"
"FBS","Food Balances (2010-)","840","United States of America","664","Food supply (kcal/capita/day)","S2546","Beans","2021","2021","kcal/cap/d","19.54","E","Estimated value"
"FBS","Food Balances (2010-)","840","United States of America","664","Food supply (kcal/capita/day)","S2547","Peas","2021","2021","kcal/cap/d","2.53","E","Estimated value"
"FBS","Food Balances (2010-)","840","United States of America","664","Food supply (kcal/capita/day)","S2549","Pulses, Other and products","2021","2021","kcal/cap/d","6.81","E","Estimated value"
"FBS","Food Balances (2010-)","840","United States of America","664","Food supply (kcal/capita/day)","S2551","Nuts and products","2021","2021","kcal/cap/d","49.12","E","Estimated value"
"FBS","Food Balances (2010-)","840","United States of America","664","Food supply (kcal/capita/day)","S2555","Soyabeans","2021","2021","kcal/cap/d","0.17","E","Estimated value"
"FBS","Food Balances (2010-)","840","United States of America","664","Food supply (kcal/capita/day)","S2552","Groundnuts","2021","2021","kcal/cap/d","60.12","E","Estimated value"
"FBS","Food Balances (2010-)","840","United States of America","664","Food supply (kcal/capita/day)","S2557","Sunflower seed","2021","2021","kcal/cap/d","6.47","E","Estimated value"
"FBS","Food Balances (2010-)","840","United States of America","664","Food supply (kcal/capita/day)","S2558","Rape and Mustardseed","2021","2021","kcal/cap/d","0.85","E","Estimated value"
"FBS","Food Balances (2010-)","840","United States of America","664","Food supply (kcal/capita/day)","S2560","Coconuts - Incl Copra","2021","2021","kcal/cap/d","2.73","E","Estimated value"
"FBS","Food Balances (2010-)","840","United States of America","664","Food supply (kcal/capita/day)","S2561","Sesame seed","2021","2021","kcal/cap/d","1.07","E","Estimated value"
"FBS","Food Balances (2010-)","840","United States of America","664","Food supply (kcal/capita/day)","S2563","Olives (including preserved)","2021","2021","kcal/cap/d","1.62","E","Estimated value"
"FBS","Food Balances (2010-)","840","United States of America","664","Food supply (kcal/capita/day)","S2570","Oilcrops, Other","2021","2021","kcal/cap/d","0.16","E","Estimated value"
"FBS","Food Balances (2010-)","840","United States of America","664","Food supply (kcal/capita/day)","S2571","Soyabean Oil","2021","2021","kcal/cap/d","333.65","E","Estimated value"
"FBS","Food Balances (2010-)","840","United States of America","664","Food supply (kcal/capita/day)","S2572","Groundnut Oil","2021","2021","kcal/cap/d","4.95","E","Estimated value"
"FBS","Food Balances (2010-)","840","United States of America","664","Food supply (kcal/capita/day)","S2573","Sunflowerseed Oil","2021","2021","kcal/cap/d","3.1","E","Estimated value"
"FBS","Food Balances (2010-)","840","United States of America","664","Food supply (kcal/capita/day)","S2574","Rape and Mustard Oil","2021","2021","kcal/cap/d","45.53","E","Estimated value"
"FBS","Food Balances (2010-)","840","United States of America","664","Food supply (kcal/capita/day)","S2575","Cottonseed Oil","2021","2021","kcal/cap/d","7.77","E","Estimated value"
"FBS","Food Balances (2010-)","840","United States of America","664","Food supply (kcal/capita/day)","S2576","Palmkernel Oil","2021","2021","kcal/cap/d","1.2","E","Estimated value"
"FBS","Food Balances (2010-)","840","United States of America","664","Food supply (kcal/capita/day)","S2577","Palm Oil","2021","2021","kcal/cap/d","0","E","Estimated value"
"FBS","Food Balances (2010-)","840","United States of America","664","Food supply (kcal/capita/day)","S2578","Coconut Oil","2021","2021","kcal/cap/d","5","E","Estimated value"
"FBS","Food Balances (2010-)","840","United States of America","664","Food supply (kcal/capita/day)","S2580","Olive Oil","2021","2021","kcal/cap/d","29","E","Estimated value"
"FBS","Food Balances (2010-)","840","United States of America","664","Food supply (kcal/capita/day)","S2582","Maize Germ Oil","2021","2021","kcal/cap/d","48.33","E","Estimated value"
"FBS","Food Balances (2010-)","840","United States of America","664","Food supply (kcal/capita/day)","S2586","Oilcrops Oil, Other","2021","2021","kcal/cap/d","270.32","E","Estimated value"
"FBS","Food Balances (2010-)","840","United States of America","664","Food supply (kcal/capita/day)","S2601","Tomatoes and products","2021","2021","kcal/cap/d","17.02","E","Estimated value"
"FBS","Food Balances (2010-)","840","United States of America","664","Food supply (kcal/capita/day)","S2602","Onions","2021","2021","kcal/cap/d","10.01","E","Estimated value"
"FBS","Food Balances (2010-)","840","United States of America","664","Food supply (kcal/capita/day)","S2605","Vegetables, other","2021","2021","kcal/cap/d","45.66","E","Estimated value"
"FBS","Food Balances (2010-)","840","United States of America","664","Food supply (kcal/capita/day)","S2611","Oranges, Mandarines","2021","2021","kcal/cap/d","19.89","E","Estimated value"
"FBS","Food Balances (2010-)","840","United States of America","664","Food supply (kcal/capita/day)","S2612","Lemons, Limes and products","2021","2021","kcal/cap/d","6.92","E","Estimated value"
"FBS","Food Balances (2010-)","840","United States of America","664","Food supply (kcal/capita/day)","S2613","Grapefruit and products","2021","2021","kcal/cap/d","0.49","E","Estimated value"
"FBS","Food Balances (2010-)","840","United States of America","664","Food supply (kcal/capita/day)","S2614","Citrus, Other","2021","2021","kcal/cap/d","0.21","E","Estimated value"
"FBS","Food Balances (2010-)","840","United States of America","664","Food supply (kcal/capita/day)","S2615","Bananas","2021","2021","kcal/cap/d","20.02","E","Estimated value"
"FBS","Food Balances (2010-)","840","United States of America","664","Food supply (kcal/capita/day)","S2616","Plantains","2021","2021","kcal/cap/d","2.26","E","Estimated value"
"FBS","Food Balances (2010-)","840","United States of America","664","Food supply (kcal/capita/day)","S2617","Apples and products","2021","2021","kcal/cap/d","37.93","E","Estimated value"
"FBS","Food Balances (2010-)","840","United States of America","664","Food supply (kcal/capita/day)","S2618","Pineapples and products","2021","2021","kcal/cap/d","7.37","E","Estimated value"
"FBS","Food Balances (2010-)","840","United States of America","664","Food supply (kcal/capita/day)","S2619","Dates","2021","2021","kcal/cap/d","0.91","E","Estimated value"
"FBS","Food Balances (2010-)","840","United States of America","664","Food supply (kcal/capita/day)","S2620","Grapes and products (excl wine)","2021","2021","kcal/cap/d","12.51","E","Estimated value"
"FBS","Food Balances (2010-)","840","United States of America","664","Food supply (kcal/capita/day)","S2625","Fruits, other","2021","2021","kcal/cap/d","39.44","E","Estimated value"
"FBS","Food Balances (2010-)","840","United States of America","664","Food supply (kcal/capita/day)","S2630","Coffee and products","2021","2021","kcal/cap/d","2.14","E","Estimated value"
"FBS","Food Balances (2010-)","840","United States of America","664","Food supply (kcal/capita/day)","S2633","Cocoa Beans and products","2021","2021","kcal/cap/d","24.41","E","Estimated value"
"FBS","Food Balances (2010-)","840","United States of America","664","Food supply (kcal/capita/day)","S2635","Tea (including mate)","2021","2021","kcal/cap/d","0.13","E","Estimated value"
"FBS","Food Balances (2010-)","840","United States of America","664","Food supply (kcal/capita/day)","S2640","Pepper","2021","2021","kcal/cap/d","2.01","E","Estimated value"
"FBS","Food Balances (2010-)","840","United States of America","664","Food supply (kcal/capita/day)","S2641","Pimento","2021","2021","kcal/cap/d","4.09","E","Estimated value"
"FBS","Food Balances (2010-)","840","United States of America","664","Food supply (kcal/capita/day)","S2642","Cloves","2021","2021","kcal/cap/d","0.03","E","Estimated value"
"FBS","Food Balances (2010-)","840","United States of America","664","Food supply (kcal/capita/day)","S2645","Spices, Other","2021","2021","kcal/cap/d","3.33","E","Estimated value"
"FBS","Food Balances (2010-)","840","United States of America","664","Food supply (kcal/capita/day)","S2655","Wine","2021","2021","kcal/cap/d","18.41","E","Estimated value"
"FBS","Food Balances (2010-)","840","United States of America","664","Food supply (kcal/capita/day)","S2656","Beer","2021","2021","kcal/cap/d","87.86","E","Estimated value"
"FBS","Food Balances (2010-)","840","United States of America","664","Food supply (kcal/capita/day)","S2657","Beverages, Fermented","2021","2021","kcal/cap/d","0.46","E","Estimated value"
"FBS","Food Balances (2010-)","840","United States of America","664","Food supply (kcal/capita/day)","S2658","Beverages, Alcoholic","2021","2021","kcal/cap/d","38.93","E","Estimated value"
"FBS","Food Balances (2010-)","840","United States of America","664","Food supply (kcal/capita/day)","S2731","Bovine Meat","2021","2021","kcal/cap/d","125.45","E","Estimated value"
"FBS","Food Balances (2010-)","840","United States of America","664","Food supply (kcal/capita/day)","S2732","Mutton & Goat Meat","2021","2021","kcal/cap/d","4.06","E","Estimated value"
"FBS","Food Balances (2010-)","840","United States of America","664","Food supply (kcal/capita/day)","S2733","Pigmeat","2021","2021","kcal/cap/d","161.45","E","Estimated value"
"FBS","Food Balances (2010-)","840","United States of America","664","Food supply (kcal/capita/day)","S2734","Poultry Meat","2021","2021","kcal/cap/d","213.86","E","Estimated value"
"FBS","Food Balances (2010-)","840","United States of America","664","Food supply (kcal/capita/day)","S2735","Meat, Other","2021","2021","kcal/cap/d","3.62","E","Estimated value"
"FBS","Food Balances (2010-)","840","United States of America","664","Food supply (kcal/capita/day)","S2736","Offals, Edible","2021","2021","kcal/cap/d","1.59","E","Estimated value"
"FBS","Food Balances (2010-)","840","United States of America","664","Food supply (kcal/capita/day)","S2740","Butter, Ghee","2021","2021","kcal/cap/d","56.18","E","Estimated value"
"FBS","Food Balances (2010-)","840","United States of America","664","Food supply (kcal/capita/day)","S2743","Cream","2021","2021","kcal/cap/d","0.28","E","Estimated value"
"FBS","Food Balances (2010-)","840","United States of America","664","Food supply (kcal/capita/day)","S2737","Fats, Animals, Raw","2021","2021","kcal/cap/d","38.67","E","Estimated value"
"FBS","Food Balances (2010-)","840","United States of America","664","Food supply (kcal/capita/day)","S2744","Eggs","2021","2021","kcal/cap/d","55.08","E","Estimated value"
"FBS","Food Balances (2010-)","840","United States of America","664","Food supply (kcal/capita/day)","S2848","Milk - Excluding Butter","2021","2021","kcal/cap/d","402.59","E","Estimated value"
"FBS","Food Balances (2010-)","840","United States of America","664","Food supply (kcal/capita/day)","S2761","Freshwater Fish","2021","2021","kcal/cap/d","8.43","E","Estimated value"
"FBS","Food Balances (2010-)","840","United States of America","664","Food supply (kcal/capita/day)","S2762","Demersal Fish","2021","2021","kcal/cap/d","6.02","E","Estimated value"
"FBS","Food Balances (2010-)","840","United States of America","664","Food supply (kcal/capita/day)","S2763","Pelagic Fish","2021","2021","kcal/cap/d","7.36","E","Estimated value"
"FBS","Food Balances (2010-)","840","United States of America","664","Food supply (kcal/capita/day)","S2764","Marine Fish, Other","2021","2021","kcal/cap/d","1.19","E","Estimated value"
"FBS","Food Balances (2010-)","840","United States of America","664","Food supply (kcal/capita/day)","S2765","Crustaceans","2021","2021","kcal/cap/d","4.84","E","Estimated value"
"FBS","Food Balances (2010-)","840","United States of America","664","Food supply (kcal/capita/day)","S2766","Cephalopods","2021","2021","kcal/cap/d","0.99","E","Estimated value"
"FBS","Food Balances (2010-)","840","United States of America","664","Food supply (kcal/capita/day)","S2767","Molluscs, Other","2021","2021","kcal/cap/d","1.06","E","Estimated value"
"FBS","Food Balances (2010-)","840","United States of America","664","Food supply (kcal/capita/day)","S2769","Aquatic Animals, Others","2021","2021","kcal/cap/d","0.03","E","Estimated value"
"FBS","Food Balances (2010-)","840","United States of America","664","Food supply (kcal/capita/day)","S2680","Infant food","2021","2021","kcal/cap/d","0","E","Estimated value"
